excelitem;scopusitem;title;concern;industry;technology;basetechnique;specifictechnique;fundingcountry;fundingentity;affiliationcountry;affiliationentity;Publisher;source;author;cited;year
1;11;A  Blockchained Federated Learning Framework for Cognitive Computing in Industry 4.0 Networks;cyber security;computer and electronic product ;blockchain;markov decision process, deep learning;markov decision process, convolutional neural network;-;-;Australia;Deakin University;IEEE Computer Society;IEEE transactions on industrial informatics;Qu, Y., Pokhrel, S.R., Garg, S., Gao, L., Xiang, Y. ;2;2021
2;14;The Conotation of Digital Twin, and the Construction and Application Method of Shop-floor Digital Twin;process improvement;primary metal;digital twin, 3d monitoring;markov decision process;markov decision process;China;National Natural Science Foundation of China;China;Beijing Institute of Technology;Elsevier Ltd;Robotics and Computer-Integrated Manufacturing; Zhuang, C., Miao, T., Liu, J., Xiong, H. ;1;2021
3;18;A Machine Learning-based Distributed System for Fault Diagnosis with Scalable Detection Quality in Industrial IoT;maintenance;chemical;industrial internet of things;k-nearest neighbor, support vector machine;k-nearest neighbor, support vector machine;Spain;Spanish Ministry;Spain;Universidad Politecnica de Madrid;Institute of Electrical and Electronics Engineers Inc.;IEEE Internet of Things Journal; Marino, R., Wisultschew, C., Otero, A., Portilla, J., Torre, E.D.L. ;0;2021
4;27;CR-IoTNet: Machine learning based joint spectrum sensing and allocation for cognitive radio enabled IoT cellular networks;Communication;computer and electronic product ;industrial internet of things, cogninite radio, MATLAB;support vector machine;support vector machine;European Union;2020 Industrial Technology Foundation Public Service Platform Project;China;University of Science and Technology Beijing;Elsevier B.V.;Ad Hoc Networks;Ahmed, R., Chen, Y., Hassan, B., Du, L. ;1;2021
5;28;Data-driven modeling to predict the load vs. displacement curves of targeted composite materials for industry 4.0 and smart manufacturing;process improvement;chemical;python;neural network;artificial neural network;Qatar;Qatar Foundation, Qatar National Research Fund;Qatar;Qatar University;Elsevier Ltd;Composite Structures;Kazi, M.-K., Eljack, F., Mahdi, E. ;0;2021
7;32;Deep learning-based industry 4.0 and internet of things towards effective energy management for smart buildings;product improvement;electrical equipment appliance and component;industrial internet of things;deep learning;convolutional neural network;Finland;Aalto-Yliopisto;Finland, Egypt;Aalto University, Benha University;MDPI AG;Sensors (Switzerland); Elsisi, M., Tran, M.-Q., Mahmoud, K., Lehtonen, M., Darwish, M.M.F. ;5;2021
8;34;Integration of blockchain, iot and machine learning for multistage quality control and enhancing security in smart manufacturing;cyber security;computer and electronic product ;blockchain, python;tree;extreme gradient boosting;South Korea;Korea Institute for Advancement of Technology;South Korea;Jeju National University;MDPI AG;Sensors; Shahbazi, Z., Byun, Y.-C. ;1;2021
9;40;Using machine learning for evaluating global expansion location decisions: An analysis of Chinese manufacturing sector;business and finance;generic;3d vision;neural network;artificial neural network;China;National Natural Science Foundation of China, Ministry of Education of China, National Social Science Foundation of China;China;Central University of Finance and Economics;Elsevier Inc.;Technological Forecasting and Social Change; Huo, D., Chaudhry, H.R. ;0;2021
10;43;A novel Pythagorean fuzzy AHP and fuzzy TOPSIS methodology for green supplier selection in the Industry 4.0 era;process design;machinery;-;fuzzy;pythagorean fuzzy set AHP, pythagorean fuzzy set TOPSIS;-;-;Turkey;KTO Karatay University;Springer Science and Business Media Deutschland GmbH;Soft Computing;Çal?k, A.;1;2021
11;49;Reliable industry 4.0 based on machine learning and IOT for analyzing, monitoring, and securing smart meters;maintenance;electrical equipment appliance and component;digital twin, industrial internet of things;tree;decision tree;Finland;Aalto-Yliopisto;Finland, Egypt;Aalto University, Benha University;MDPI AG;Sensors (Switzerland); Elsisi, M., Mahmoud, K., Lehtonen, M., Darwish, M.M.F. ;9;2021
12;60;The experimental application of popular machine learning algorithms on predictive maintenance and the design of IIoT based condition monitoring system;product design;electrical equipment appliance and component;industrial internet of things, arduino, virtuino, R-studio;support vector machine, linear discrimination analysis, tree, k-nearest neighbor;support vector machine, linear discrimination analysis, random forest, decision tree, k-nearest neighbor;-;-;Turkey;Iskenderun Technical University;Elsevier Ltd;Computers and Industrial Engineering; Cakir, M., Guvenc, M.A., Mistikoglu, S. ;1;2021
13;78;"
	A Gaussian Mixture Model Clustering Ensemble Regressor for Semiconductor Manufacturing Final Test Yield Prediction";process design;computer and electronic product ;CMOS;gaussian mixture model, trees;gaussian mixture model, adaptive boosting;Singapore;Economic Development Board - Singapore;Singapore;Singapore University of Technology and Design;Institute of Electrical and Electronics Engineers Inc.;IEEE Access; Jiang, D., Lin, W., Raghavan, N. ;0;2021
14;91;A digital twin to train deep reinforcement learning agent for smart manufacturing plants: Environment, interfaces and intelligence;process design;generic;digital twin, robotic, programmable logic controler, computer aided design;markov decision process;q-learning;United States;South Carolina Research Authority, Siemens USA, Yaskawa Motoman Robotics;United States;University of South Carolina;Elsevier B.V.;Journal of Manufacturing Systems; Xia, K., Sacco, C., Kirkpatrick, M., (...), Kircaliali, A., Harik, R. ;1;2021
15;102;Intelligent decision-making support system for manufacturing solution recommendation in a cloud framework;process design;primary metal;cloud computing, computer-aided design;neural network;feed-forward neural network;Italy, China;Università degli Studi di Napoli Federico II, Shantou University;Italy;Fraunhofer Joint Laboratory of Excellence on Advanced Production Technology;Springer Science and Business Media Deutschland GmbH;International Journal of Advanced Manufacturing Technology;Simeone, A., Zeng, Y., Caggiano, A. ;0;2021
16;104;Milling of graphene reinforced ti6al4v nanocomposites: An artificial intelligence based industry 4.0 approach;process improvement;machinery;nanocomposites;neural network, fuzzy;artificial neural network, fuzzy;Saudi Arabia;King Saud University;Saudi Arabia;King Saud University;MDPI AG;Materials; Nasr, M.M., Anwar, S., Al-Samhan, A.M., Ghaleb, M., Dabwan, A. ;0;2020
17;105;A case driven study of the use of time series classification for flexibility in industry 4.0;process improvement;generic;computer-integrated manufacturing, programmable logic controler;time series classification;word extraction for time series classification;Luxembourg;Luxembourg National Research Fund;Luxembourg;University of Luxembourg;MDPI AG;Sensors (Switzerland); Polge, J., Robert, J., Traon, Y.L. ;1;2020
18;106;Generic digital twin architecture for industrial energy systems;product design;electrical equipment appliance and component, chemical, fabricated metal product;semantic web, MATLAB;neural network;recurrent neural network;Austria;Technische Universität Wien Bibliothek;Austria;TU Wien;MDPI AG;Applied Sciences (Switzerland); Steindl, G., Stagl, M., Kasper, L., Kastner, W., Hofmann, R. ;0;2020
19;112;Towards machine learning for architectural fabrication in the age of industry 4.0;process design;machinery;robotic;deep learning;deep neural network;-;-;Denmark;The Royal Danish Academy of Fine Arts;SAGE Publications Inc.;International Journal of Architectural Computing; Ramsgaard Thomsen, M., Nicholas, P., Tamke, M., (...), Sinke, Y., Rossi, G. ;1;2020
20;116;"
	Optimization of the production processes of powder-based additive manufacturing technologies by means of a machine learning model for the temporal prognosis of the build and cooling phase";process improvement;transportation equipment;MATLAB;bayesian network;gaussian process regression;-;-;Germany;BMW Group;Springer Science and Business Media Deutschland GmbH;Production Engineering; Osswald, P.V., Mustafa, S.K., Kaa, C., (...), Rietzel, D., Witt, G. ;0;2020
21;122;Creating a road map for industry 4.0 by using an integrated fuzzy multicriteria decision-making methodology;process design;generic;-;fuzzy;intuitionisc fuzzy set AHP, intuitionisc fuzzy set TOPSIS;-;-;Turkey;Yildiz Technical University;pringer Science and Business Media Deutschland GmbH;Soft Computing;Kaya, ?., Erdo?an, M., Kara?an, A., Özkan, B. ;0;2020
22;127;Integrating real-time multi-resolution scanning and machine learning for Conformal Robotic 3D Printing in Architecture;process design;machinery;python, 3D printing, robotic;neural network;neural network;-;-;Denmark;The Royal Danish Academy of Fine Arts;SAGE Publications Inc.;International Journal of Architectural Computing; Nicholas, P., Rossi, G., Williams, E., Bennett, M., Schork, T. ;2;2020
23;128;Inspection by exception: A new machine learning-based approach for multistage manufacturing;process improvement;fabricated metal product;MATLAB;fuzzy;fuzzy c-means;United Kingdom;Engineering and Physical Sciences Research Council;United Kingdom;The University of Sheffield;Elsevier Ltd;Applied Soft Computing Journal; Papananias, M., McLeay, T.E., Obajemu, O., Mahfouf, M., Kadirkamanathan, V. ;2;2020
24;129;CoBuilt 4.0: Investigating the potential of collaborative robotics for subject matter experts;product design;machinery;robotic;neural network;neural network;-;-;Australia;The University of Sydney;SAGE Publications Inc.;International Journal of Architectural Computing;Reinhardt, D., Haeusler, M.H., London, K., (...), Wozniak-O’Connor, D., Masuda, R. ;0;2020
25;132;Smart seed selection-based effective black box fuzzing for IIoT protocol;cyber security;generic;industrial internet of things;genetic algorithm;genetic algorithm;South Korea;Ministry of Science, ICT and Future Planning;South Korea;Ajou University;Springer;" 	Journal of Supercomputing"; Kim, S.J., Cho, J., Lee, C., Shon, T. ;0;2020
26;133;A dynamic route-planning system based on industry 4.0 technology;product design;transportation equipment;MATLAB, industrial internet of thing;neural network;artificial neural network;Thailand;Thammasat University;Thailand;Sirindhorn International Institute of Technology;MDPI AG;Algorithms; Duc, D.N., Huu, T.T., Nananukul, N. ;0;2020
27;136;Enhancing the adaptability: Lean and green strategy towards the Industry Revolution 4.0;sustainability;electrical equipment appliance and component;Power and heat generation;neural network;back-propagation neural network;Czech Republic; Ministry of Higher Education, Ministry of Education, Youth and Sports of the Czech Republic;Malaysia;University of Nottingham;Elsevier Ltd;Journal of Cleaner Production;Leong, W.D., Teng, S.Y., How, B.S., (...), Ponnambalam, S.G., Lam, H.L. ;2;2020
28;139;CAAI—a cognitive architecture to introduce artificial intelligence in cyber-physical production systems;process design;chemical;industrial internet of things;bayesian network, tree;gaussian process regression, random forest;Germany;German Federal Ministry of Education and Research;Germany; Institute for Data Science Engineering and Analytics;Springer Science and Business Media Deutschland GmbH;International Journal of Advanced Manufacturing Technology; Fischbach, A., Strohschein, J., Bunte, A., (...), Moriz, N., Bartz-Beielstein, T. ;0;2020
29;145;Assessing the Risk of Low Back Pain and Injury via Inertial and Barometric Sensors;Health;generic;MATLAB, wearable sensors;neural network, k-nearest neighbor, support vector machine;multi-layer perceptron, k-nearest neighbor, support vector machine;Italy;Italian Ministry of Education and Research;Italy;University of Pisa;IEEE Computer Society;" 	IEEE Transactions on Industrial Informatics"; Pistolesi, F., Lazzerini, B. ;2;2020
30;147;Model-Based Reinforcement Learning Variable Impedance Control for Human-Robot Collaboration;Health;machinery;robotic;neural network;artificial neural network;European Union;Horizon 2020 Framework Programme;Switzerland;Università della Svizzera Italiana;Springer Science+Business Media B.V.;Journal of Intelligent and Robotic Systems: Theory and Applications; Roveda, L., Maskani, J., Franceschi, P., (...), Molinari Tosatti, L., Pedrocchi, N. ;5;2020
31;148;"
	Automated maintenance data classification using recurrent neural network: Enhancement by spotted hyena-based whale optimization";maintenance;machinery;MATLAB;meta-heuristic, neural network;recurrent neural network, whale optimization algorithm, spotted hyena optimization, k-nearest neighbor, support vector machine;Saudi Arabia;King Saud University;Saudi Arabia;King Saud University;MDPI AG;Mathematics;Abidi, M.H., Umer, U., Mohammed, M.K., Aboudaif, M.K., Alkhalefah, H. ;0;2020
32;153;Optimization of a 660 MWe supercritical power plant performance?a case of industry 4.0 in the data-driven operational management part 1. thermal efficiency;process improvement;electrical equipment appliance and component;Power and heat generation;support vector machine, neural network;least square support vector machine, artificial neural network, interval adjoint significance analysis;-;-;Poland;Jan Dlugosz University;MDPI AG;Energies; Ashraf, W.M., Uddin, G.M., Arafat, S.M., (...), Chaudhary, I.A., Krzywanski, J. ;3;2020
33;152;Optimization of a 660 MWe supercritical power plant performance?a case of industry 4.0 in the data-driven operational management. part 2. power generation;process improvement;electrical equipment appliance and component;Power and heat generation;support vector machine, neural network, linear regression;least square support vector machine, artificial neural network, multiple linear regression;-;-;Poland;Jan Dlugosz University;MDPI AG;Energies; Ashraf, W.M., Uddin, G.M., Kamal, A.H., (...), Kathia, M.S., Krzywanski, J. ;2;2020
34;158;Machine learning and optimization for production rescheduling in Industry 4.0;process improvement;Plastic and rubber products;Python;meta-heuristic, neural network, tree, support vector machine;random forest, support vector machine, multi-layer perceptron, genetic algorithm, tabu search;Brescia;Università degli Studi di Brescia;Brescia;Università degli Studi di Brescia;Springer Science and Business Media Deutschland GmbH;International Journal of Advanced Manufacturing Technology;Li, Y., Carabelli, S., Fadda, E., (...), Tadei, R., Terzo, O. ;7;2020
35;165;Product Completion Time Prediction Using A Hybrid Approach Combining Deep Learning and System Model;process improvement;generic;Python, cloud computing;neural network, linear regression, tree, k-nearest neighbor;long short term memory, linear regression, random forest, multi-layer perceptron, k-nearest neighbor;United States;National Science Foundation;United States;University of Virginia;Elsevier B.V.;Journal of Manufacturing Systems;Huang, J., Chang, Q., Arinez, J. ;1;2020
36;172;Configuration-based smart customization service: A multitask learning approach;business and finance;generic;-;neural network;long short term memory, multi-layer perceptron;China;National Natural Science Foundation of China;China;Hang Seng University of Hong Kong;Institute of Electrical and Electronics Engineers Inc.;IEEE Transactions on Automation Science and Engineering; Wang, Y., Li, X., Tsung, F. ;2;2020
37;181;A real-time physical progress measurement method for schedule performance control using vision, an ar marker and machine learning in a ship block assembly process;process improvement;transportation equipment;industrial internet of things, augmented reality;tree;random forest, extra tree, gradient boosting, adaptive boosting, extreme gradient boosting;-;-;South Korea;Korea University;MDPI AG;Sensors (Switzerland);Choi, T., Seo, Y. ;2;2020
38;188;A Trustworthy Privacy Preserving Framework for Machine Learning in Industrial IoT Systems;cyber security;generic;python, blockchain, indusrial internet of things;deep learning;deep neural network;-;-;Australia;Royal Melbourne Institute of Technology University;IEEE Computer Society;IEEE Transactions on Industrial Informatics; Arachchige, P.C.M., Bertok, P., Khalil, I., (...), Camtepe, S., Atiquzzaman, M. ;17;2020
39;189;Towards the behavior analysis of chemical reactors utilizing data-driven trend analysis and machine learning techniques;process improvement;chemical;chemical reactor;neural network, support vector machine, linear trend profiles;multi-layer perceptron, multi-class support vector machine, real time-slope statistic profile, back-propagation neural network;European Union;Horizon 2020 Framework Programme;Greece;Information Technologies Institute;Elsevier Ltd;Applied Soft Computing Journal;Lithoxoidou, E., Ziogou, C., Vafeiadis, T., (...), Voutetakis, S., Tzovaras, D. ;0;2020
40;194;A Machine-Learning-Based Technique for False Data Injection Attacks Detection in Industrial IoT;cyber security;computer and electronic product ;industrial internet of things;support vector machine,deep learning;support vector machine, autoencoder;Sweden;Swedish Foundation for International Cooperation in Research and Higher Education;Egypt;American University in Cairo;Institute of Electrical and Electronics Engineers Inc.;IEEE Internet of Things Journal; Aboelwafa, M.M.N., Seddik, K.G., Eldefrawy, M.H., Gadallah, Y., Gidlund, M. ;4;2020
41;200;Scalable fleet monitoring and visualization for smart machine maintenance and industrial iot applications;maintenance;fabricated metal product;cloud computing, computer-aided design;-;-;Belgium;Agentschap Innoveren en Ondernemen;Belgium;Ghent University;MDPI AG;Sensors (Switzerland); Moens, P., Bracke, V., Soete, C., (...), Volckaert, B., Van Hoecke, S. ;0;2020
42;117;Intelligent industrial cleaning: A multi-sensor approach utilising machine learning-based regression;process improvement;food;MATLAB, optical sensor, ultrasonic sensor, image processing;neural network;feed-forward neural network;China;Shantou University;United Kingdom;University of Nottingham;MDPI AG;Sensors (Switzerland); Simeone, A., Woolley, E., Escrig, J., Watson, N.J. ;0;2020
43;202;Haptic-based touch detection for collaborative robots in welding applications;process improvement;machinery;robotic, image processing;collision detection algorithm;collision detection algorithm;-;-;Italy;Scuola Superiore Sant'Anna;Elsevier Ltd;Robotics and Computer-Integrated Manufacturing; Tannous, M., Miraglia, M., Inglese, F., (...), Milazzo, M., Stefanini, C. ;4;2020
44;205;Real time monitoring and control of friction stir welding process using multiple sensors;process improvement;fabricated metal product;MATLAB, LabView, image processing;neural network, meta-heuristic;artificial neural network, genetic algorithm;India;Ministry of Heavy Industries & Public Enterprises;India; Indian Institute of Technology Kharagpur;Elsevier Ltd;CIRP Journal of Manufacturing Science and Technology; Mishra, D., Gupta, A., Raj, P., (...), Misra, P., Misra, S. ;4;2020
45;206;Using an autoencoder in the design of an anomaly detector for smart manufacturing;maintenance;machinery;laundry washer and dryer;deep learning;autoencoder;Italy;Tuscany Region, Ministry of Education;Italy;CNR ICAR;Elsevier B.V.;Pattern Recognition Letters; Alfeo, A.L., Cimino, M.G.C.A., Manco, G., Ritacco, E., Vaglini, G. ;3;2020
46;207;Data-Driven Predictive Maintenance Approach for Spinning Cyber-Physical Production System;maintenance;textile mills;industrial internet of things, RFID, WI-FI;meta-heuristic;genetic algorithm;China;National Natural Science Foundation of China;China;Donghua University;Shanghai Jiao Tong University;Journal of Shanghai Jiaotong University; Farooq, B., Bao, J., Li, J., Liu, T., Yin, S. ;2;2020
47;211;An edge based multi-agent auto communication method for traffic light control;process improvement;transportation equipment;industrial internet of things, edge computing;multi-agent auto communication algorithm;multi-agent auto communication algorithm;China;National Natural Science Foundation of China, Google, Nvidia Coorporation, Ministry of Education of China, Chinese Academy of Sciences, China Scholarship Council, Lanzhou University, Program for New Century Excellent Talents in University, Fundamental Research Funds for the Central Universities, Science and Technology Foundation of State Grid Corporation of China;China;Lanzhou University;MDPI AG;Sensors (Switzerland); Wu, Q., Wu, J., Shen, J., Yong, B., Zhou, Q. ;2;2020
48;214;AI-based modeling and data-driven evaluation for smart manufacturing processes;process improvement;electrical equipment appliance and component;industrial internet of things;meta-heuristic, neural network, support vector machine, tree, k-nearest neighbor, linear discriminant analysis;genetic algorithm, artificial neural network, gaussian support vector machine, random forest, k-nearest neighbor,  linear discriminant analysis;China;National Natural Science Foundation of China, Science and Technology development fund of Macau;United States;New Jersey Institute of Technology;Institute of Electrical and Electronics Engineers Inc.;IEEE/CAA Journal of Automatica Sinica; Ghahramani, M., Qiao, Y., Zhou, M., Hagan, A., Sweeney, J. ;18;2020
49;220;Intelligent vision-based online inspection system of screw-fastening operations in light-gauge steel frame manufacturing;process improvement;fabricated metal product;python, MATLAB;deep learning;convolutional neural network;Canada;Natural Sciences and Engineering Research Council of Canada;Canada;University of Alberta;Springer;International Journal of Advanced Manufacturing Technology;Martinez, P., Al-Hussein, M., Ahmad, R. ;2;2020
50;221;Robust Malware Defense in Industrial IoT Applications Using Machine Learning with Selective Adversarial Samples;cyber security;computer and electronic product ;python;deep learning;deep neural network;Australia;-;Australia;Federation University Australia;Institute of Electrical and Electronics Engineers Inc.;IEEE Transactions on Industry Applications; Khoda, M.E., Imam, T., Kamruzzaman, J., Gondal, I., Rahman, A. ;4;2020
51;223;Complex networks of material flow in manufacturing and logistics: Modeling, analysis, and prediction using stochastic block models;process improvement;generic;-;stochastic block model, neural network, meta-heuristic;stochastic block model, deep walk, node2vec, heuristically operated placement evolution;Germany;Deutsche Forschungsgemeinschaft;Germany;University of Bremen;Elsevier B.V.;Journal of Manufacturing Systems; Funke, T., Becker, T. ;0;2020
53;229;Identification and classification of materials using machine vision and machine learning in the context of industry 4.0;process improvement;fabricated metal product;machine vision, image processing;support vector machine, tree, logistic regression, k-nearest neighbor, deep learning;support vector machine, decision tree, random forest, logistic regression, k-nearest neighbor, convolutional neural network;India;Ministry of Science and Technology;India;Indian Institute of Information Technology;Springer;Journal of Intelligent Manufacturing; Penumuru, D.P., Muthuswamy, S., Karumbu, P. ;12;2020
54;239;Digital twin-driven supervised machine learning for the development of artificial intelligence applications in manufacturing;process design;generic;digital twin, 3D print, manufacturing execution system, computer-aided design, robotiv;deep learning, neural network;convolutional neural network, artificial neural network;Greece;-;Greece;University of Patras;Taylor and Francis Ltd.;International Journal of Computer Integrated Manufacturing; Alexopoulos, K., Nikolakis, N., Chryssolouris, G. ;11;2020
55;242;Industry 4.0 lean shopfloor management characterization using EEG sensors and deep learning;process improvement;transportation equipment;MATLAB, eletroencephalography sensors;deep learning;convolutional neural network;Germany;Heilbronn University;Spain;Universidad Politécnica de Madrid;MDPI AG;Sensors (Switzerland); Schmidt, D., Diez, J.V., Ordieres-Meré, J., (...), Schwiep, J., Molina, M. ;4;2020
56;244;Reinforcement Learning-Based Control and Networking Co-Design for Industrial Internet of Things;process improvement;chemical;industrial internet of things;markov decision process, deep learning;q-learning, state action reward state action, deep q network;United States;-;United States;Towson University;Institute of Electrical and Electronics Engineers Inc.;IEEE Journal on Selected Areas in Communications;Xu, H., Liu, X., Yu, W., Griffith, D., Golmie, N. ;5;2020
57;245;Machine learning models applied to friction stir welding defect index using multiple joint configurations and alloys;process improvement;machinery;image processing;k-nearest neighbor, support vector machine, neural network, tree;k-nearest neighbor, multi-layer perceptron, support vector machine, random forest;Canada;-;Canada;National Research Council;SAGE Publications Ltd;Proceedings of the Institution of Mechanical Engineers, Part L: Journal of Materials: Design and Applications; Nadeau, F., Thériault, B., Gagné, M.-O. ;1;2020
58;254;Learning robots to grasp by demonstration;product improvement;machinery;robotic, 3d printing, cognitive computing, industrial internet of things;deep learning;convolutional neural network;Belgium;Nvidia, Vlaamse regering, Fonds De La Recherche Scientifique;Belgium;Ghent University;Elsevier B.V.;Robotics and Autonomous Systems; De Coninck, E., Verbelen, T., Van Molle, P., Simoens, P., Dhoedt, B. ;2;2020
59;257;SOPHIA: An event-based IoT and machine learning architecture for predictive maintenance in industry 4.0;maintenance;machinery;"industrial internet of things; azure hdinsight spark cluster; spark (parallel computation); python; SQL; programmable logic controller";tree;gradiente boosting, tandom forest, extreme gradiente boosting;Italy;BIESSE SpA and Accenture SpA;Italy;Università Politecnica delle Marche;MDPI AG;Information (Switzerland); Calabrese, M., Cimmino, M., Fiume, F., (...), Frontoni, E., Kapetis, D. ;8;2020
60;258;A Decision Support System for rapid ramp-up of industry 4.0 enabled production systems;process improvement;generic;MATLAB, programmable logic controler;markov decision process;q learning;United Kingdom; Centre for Research and Technology Hellas;United Kingdom;Loughborough University;Elsevier B.V.;Computers in Industry; Doltsinis, S., Ferreira, P., Mabkhot, M.M., Lohse, N. ;2;2020
61;262;Monitoring mixing processes using ultrasonic sensors and machine learning;process improvement;food, chemical;ultrasonic sensors;neural network, deep learning, support vector machine;artificial neura network, support vector machine, long-short term memory, convolutional neural network;United Kingdom;Engineering and Physical Sciences Research Council;United Kingdom;University of Nottingham, University Park;MDPI AG;Sensors (Switzerland); Bowler, A.L., Bakalis, S., Watson, N.J. ;3;2020
62;268;A study on smart factory-based ambient intelligence context-aware intrusion detection system using machine learning;cyber security;fabricated metal product;industrial internet of things;linear regression, tree, k-means, deep learning;linear regression, random forest, k-means, autoencoder; China;Kunming University of Science and Technology; China;Chungbuk National University;Springer;Journal of Ambient Intelligence and Humanized Computing; Park, S.-T., Li, G., Hong, J.-C. ;17;2020
63;279;Machining phenomenon twin construction for industry 4.0: A case of surface roughness;process design;chemical;digital twin, edge computing;monte carlo simulaion;monte carlo simulation;Japan;Ministry of Education, Culture, Sports, Science and Technology;Japan;Kitami Institute of Technology;MDPI Multidisciplinary Digital Publishing Institute;Journal of Manufacturing and Materials Processing; Ghosh, A.K., Sharif Ullah, A.M.M., Kubo, A., Akamatsu, T., D'Addona, D.M. ;4;2020
64;285;"Coronary artery disease diagnosis; ranking the significant features using a random trees model";Health;generic;eletrocardiogram, ;tree, support vector machine;decision tree of CHAID, decision tree of C5.0, support vector machine, random forest;Iran;European Commission;Iran;University of Birjand;MDPI AG;International Journal of Environmental Research and Public Health; Joloudari, J.H., Joloudari, E.H., Saadatfar, H., (...), Shamshirband, S., Nadai, L. ;14;2020
65;289;Industry 4.0 based process data analytics platform: A waste-to-energy plant case study;process improvement;electrical equipment appliance and component;Power and heat generation, industrial internet of things, cloud computing, edge computing;linear regression, principal component regression, partial least squares regression, neural network;multiple linear regression, principal component regression, partial least squares regression, NARX neural network;Germany;European Commission, European Institute of Innovation and Technology;Finland;Aalto University School of Chemical Engineering;Elsevier Ltd;International Journal of Electrical Power and Energy Systems; Kabugo, J.C., Jämsä-Jounela, S.-L., Schiemann, R., Binder, C. ;27;2020
66;290;Green wireless power transfer system for a drone fleet managed by reinforcement learning in smart industry;process improvement;electrical equipment appliance and component;industrial internent of things, MATLAB, MOSFET, drone;markov decision process;markov process decision;-;-;Italy;University of Catania;Elsevier Ltd;Applied Energy; Faraci, G., Raciti, A., Rizzo, S.A., Schembra, G. ;8;2020
67;293;Online GMM Clustering and Mini-Batch Gradient Descent Based Optimization for Industrial IoT 4.0;Communication;computer and electronic product ;industrial internet of things, 5G;gaussian mixture model, gradient descent;gaussian mixture model, mini-batch gradient descent;France;University of Poitiers;France;University of Monastir;IEEE Computer Society;IEEE Transactions on Industrial Informatics; Messaoud, S., Bradai, A., Moulay, E. ;3;2020
68;296;Enhancing failure mode and effects analysis using auto machine learning: A case study of the agricultural machinery industry;maintenance;machinery;google autoML;multiclass classification;multiclass classification;Hungary;Széchenyi István Egyetem;Hungary;Szent Istvan University;MDPI AG;Processes; Sader, S., Husti, I., Daróczi, M. ;1;2020
69;306;Machine Learning Pathway for Harnessing Knowledge and Data in Material Processing;process improvement;primary metal;python;principal component regression, tree;principal component regression, random forest, extreme gradient boosting;United States;Anti-Corruption and Civil Rights Commission;United States;UCI;Springer Science and Business Media Deutschland GmbH;International Journal of Metalcasting; Sun, N., Kopper, A., Karkare, R., Paffenroth, R.C., Apelian, D. ;0;2021
70;308;A Novel Hybrid Machine Learning Algorithm for Limited and Big Data Modeling with Application in Industry 4.0;process improvement;chemical;industrial internet of things;meta-heuristic, fuzzy;genetic algorithm, fuzzy;-;-;Australia;RMIT University;Institute of Electrical and Electronics Engineers Inc.;IEEE Access; Khayyam, H., Jamali, A., Bab-Hadiashar, A., (...), Jalili, M., Naebe, M. ;2;2020
71;310;Applications of Artificial Intelligence Techniques to Enhance Sustainability of Industry 4.0: Design of an Artificial Neural Network Model as Dynamic Behavior Optimizer of Robotic Arms;process improvement;machinery;robotic;neural network, meta-heuristic;artificial neural network, genetic algorithm;-;-;United Kingdom;Oxford Brookes University;Hindawi Limited;Complexity;Azizi, A.;3;2020
72;316;An Integrative Machine Learning Method to Improve Fault Detection and Productivity Performance in a Cyber-Physical System;maintenance;generic;digital twin, industrial internet of things;tree, deep learning;random forest, long-short term memory ;Taiwan;Ministry of Science and Technology;Taiwan;National Tsing-Hua University;American Society of Mechanical Engineers ;Journal of Computing and Information Science in Engineering;Chiu, M.-C., Tsai, C.-D., Li, T.-L. ;3;2020
73;335;A predictive model for the maintenance of industrial machinery in the context of industry 4.0;maintenance;machinery;industrial internet of things, programmable logic controler;bayesian network;bayesian filter;Spain;Ministerio de Industria Energía y Turismo, Ministerio de Economía Industria y Competitividad;Spain;University of Málaga;Elsevier Ltd;Engineering Applications of Artificial Intelligence; Ruiz-Sarmiento, J.-R., Monroy, J., Moreno, F.-A., (...), Bonelo, J.-M., Gonzalez-Jimenez, J. ;24;2020
74;346;A Weighted Machine Learning-Based Attacks Classification to Alleviating Class Imbalance;cyber security;generic;industrial internet of things;support vector machine, tree;support vector machine, decision tree, random forest;Qatar;-;Qatar;Qatar University;Institute of Electrical and Electronics Engineers Inc.;IEEE Systems Journal; Chkirbene, Z., Erbad, A., Hamila, R., (...), Guizani, M., Hamdi, M. ;0;2020
75;350;An Effective Predictive Maintenance Framework for Conveyor Motors Using Dual Time-Series Imaging and Convolutional Neural Network in an Industry 4.0 Environment;maintenance;machinery;industrial internet of things, image processing;deep learning, principal component analysis;convolutional neural network,  principal component analysis;South Africa;National Research Foundation;South Africa;University of South Africa;Institute of Electrical and Electronics Engineers Inc.;IEEE Access; Kiangala, K.S., Wang, Z. ;2;2020
76;353;The effect of light intensity, sensor height, and spectral pre?processing methods when using nir spectroscopy to identify different allergen? containing powdered foods;process improvement;food;near-infrared spectroscopy, sensors;k-neraest neighbor, linear discriminat analysis, neural network, principal component analysis;k-nearest neighbor, feed-forward neural network, linear discriminat analysis, partial least squares regression, soft independent modelling of class analogy;United Kingdom;Engineering and Physical Sciences Research Council;United Kingdom;University of Nottingham;MDPI AG;Sensors (Switzerland); Rady, A., Fischer, J., Reeves, S., Logan, B., Watson, N.J. ;4;2020
77;355;REDTag: a Predictive Maintenance Framework for Parcel Delivery Services;maintenance;transportation equipment;GPS, industrial internet of things;tree, logistic regression, support vector machine;gradient boosting machine, logistic regression, support vector machine;Italy;Ministry of Research;Italy;Politecnico di Torino;Institute of Electrical and Electronics Engineers Inc.;IEEE Access; Proto, S., Di Corso, E., apiletti, D., (...), Malnati, G., Mazzucchi, D. ;3;2020
78;364;An Industrial Internet Application for Real-Time Fault Diagnosis in Industrial Motors;maintenance;machinery;python, frequency inverter, sensors, edge computing;depp learning;convolutional neural network;Chile;Fondo de Fomento al Desarrollo Científico y Tecnológico, Comisión Nacional de Investigación Científica y Tecnológica;Chile;Pontificia Universidad Católica de Chile;Institute of Electrical and Electronics Engineers Inc.;IEEE Transactions on Automation Science and Engineering; Langarica, S., Ruffelmacher, C., Nunez, F. ;9;2020
79;367;A Novel Attack Detection Scheme for the Industrial Internet of Things Using a Lightweight Random Neural Network;cyber security;generic;industrial internet of things;neural network, support vector machine, tree, gradient descent;random neural network, gradient descent, decision tree, support vector machine, artifiial neural network;China;National Natural Science Foundation of China;China;Fudan University;Institute of Electrical and Electronics Engineers Inc.;IEEE Access; Latif, S., Zou, Z., Idrees, Z., Ahmad, J. ;4;2020
80;369;Process modeling and optimization using ANN and RSM during dry turning of titanium alloy used in automotive industry;process improvement;transportation equipment;MATLAB, computer numerical control, image processing;neural network;feed-forward neural network;-;-;India;National Institute of Technology Kurukshetra;SAGE Publications Ltd;Proceedings of the Institution of Mechanical Engineers, Part D: Journal of Automobile Engineering; Kumar, P., Misra, J.P. ;0;2020
81;375;Valuing free-form text data from maintenance logs through transfer learning with CamemBERT;maintenance;generic;python;k-means, tree, logistic regression;k-means, random forest, logistic regression;France;Association Nationale de la Recherche et de la Technologie, iFAKT;France;Arts Et Métiers ParisTech;Taylor and Francis Ltd.;Enterprise Information Systems; Usuga Cadavid, J.P., Grabot, B., Lamouri, S., Pellerin, R., Fortin, A. ;2;2020
82;376;Heterogeneous Connection and Process Anomaly Detection of Industrial Robot in Intelligent Factory;process improvement;machinery;robotic, industrial internet of things, programmable logic controler, digital control system, computer numerical control;neural network, deep learning;long short-term memory, autoencoder;-;-;;Shenzhen Academy of Robotics;World Scientific Publishing Co. Pte Ltd;International Journal of Pattern Recognition and Artificial Intelligence; Wen, X., Chen, H. ;0;2020
83;377;Vision-Aided Radio: User Identity Match in Radio and Video Domains Using Machine Learning;Communication;computer and electronic product ;5G;deep learning, tree;deep neural network, random forest;France;Nokia Bell-Labs;Brazil;Federal University of Rio de Janeiro;Institute of Electrical and Electronics Engineers Inc.;IEEE Access; de Pinho, V.M., de Campos, M.L.R., Garcia, L.U., Popescu, D. ;0;2020
84;396;Self-repair of smart manufacturing systems by deep reinforcement learning;process improvement;generic;edge computing;deep learning;deep q network;-;-;United States;University of Michigan;Elsevier USA;CIRP Annals; Epureanu, B.I., Li, X., Nassehi, A., Koren, Y. ;7;2020
85;226;Time Series Data for Equipment Reliability Analysis with Deep Learning;maintenance;transportation equipment;python, programmable logic controler;deep learning;deep neural network;China;National Natural Science Foundation of China, cience and Technology Planning Project of Guangdong Province;China;South China University of Technology;Institute of Electrical and Electronics Engineers Inc.;IEEE Access; Chen, B., Liu, Y., Zhang, C., Wang, Z. ;1;2020
86;414;Artificial neural pseudo-network for production control purposes;process improvement;generic;digital twin;neural network;artificial neural network;Poland;Technische Universiteit Delft;Poland;Poznan University of Technology;Poznan School of Logistics;Logforum;Fertsch, M.;0;2020
87;416;A novel framework for semiconductor manufacturing final test yield classification using machine learning techniques;process improvement;electrical equipment appliance and component;semiconductors;gaussian mixture model, support vector machine, k-nearest neighbor, logistic regression, tree;gaussian mixture model, support vector machine, k-nearest neighbor, logistic regression, extreme gradient boosting, extra tree, gradient boosting;Singapore;Economic Development Board;Singapore;Singapore University of Technology and Design;Institute of Electrical and Electronics Engineers Inc.;IEEE Access;Jiang, D., Lin, W., Raghavan, N.;1;2020
88;418;A Machine Learning Framework for Real-Time Identification of Successful Snap-Fit Assemblies;process improvement;machinery;robotic;support vector machine;support vector machine;European Union;Horizon 2020 Framework Programme;Greece;Information Technologies Institute;Institute of Electrical and Electronics Engineers Inc.;IEEE Transactions on Automation Science and Engineering; Doltsinis, S., Krestenitis, M., Doulgeri, Z. ;0;2020
89;420;"
	A qualitative tool condition monitoring framework using convolution neural network and transfer learning";process improvement;machinery;computer numerical control, image processing;deep learning;convolutional neural network;Canada;Natural Sciences and Engineering Research Council of Canada;Canada;University of Alberta;MDPI AG;Applied Sciences (Switzerland); Mamledesai, H., Soriano, M.A., Ahmad, R. ;2;2020
90;431;Machine tools anomaly detection through nearly real-time data analysis;process improvement;machinery;industrial internet of things, computer numerical control, programmable logic controler;time series classification, hierarchical clustering;dynamic time warping, agglomerative hierarchical clustering;-;-;Spain;Ideko S. Coop;MDPI Multidisciplinary Digital Publishing Institute;Journal of Manufacturing and Materials Processing; Herranz, G., Antolínez, A., Escartín, J., Arregi, A., Gerrikagoitia, J.K. ;1;2019
91;441;Data-driven smart manufacturing: Tool wear monitoring with audio signals and machine learning;process improvement;machinery;audio processing;principal component analysis, tree, support vector machine, k-nearest neighbor;kernel principal component analysis, random forest, support vector machine, k-nearest neighbor;United States;University of Central Florida;United States;University of Central Florida;Elsevier Ltd;Journal of Manufacturing Processes; Li, Z., Liu, R., Wu, D. ;12;2019
92;446;Framework and case study of cognitive maintenance in Industry 4.0;maintenance;machinery;industrial internet of things, supervisory and control data acquisition, computer numerical control, programmable logic controler, sensors;deep learning;deep belief network;-;-;China;Changzhou University;Zhejiang University;Frontiers of Information Technology and Electronic Engineering; Li, B.-R., Wang, Y., Dai, G.-H., Wang, K.-S. ;1;2019
93;452;Virtual metrology model robustness against chamber condition variation using deep learning;process improvement;electrical equipment appliance and component;image processing, semiconductors, spectroscopy, digital twin;deep learning;convolution neural network;-;-;Japan;Tokyo Electron;Institute of Electrical and Electronics Engineers Inc.;IEEE Transactions on Semiconductor Manufacturing; Tsutsui, T., Matsuzawa, T. ;3;2019
94;455;Multi-head CNN–RNN for multi-time series anomaly detection: An industrial case study;process improvement;machinery;sensors;deep learning, neural network;convolution neural network, recurrent neural network;Spain;Eusko Jaurlaritza;Spain; Ikerlan Technology Research Centre;Elsevier B.V.;Neurocomputing; Canizo, M., Triguero, I., Conde, A., Onieva, E. ;26;2019
95;460;A smart autonomous time-and frequency-domain analysis current sensor-based power meter prototype developed over fog-cloud analytics for demand-side management;process design;electrical equipment appliance and component;industrial internet of things, smart grid, edge computing;neural network;radial basis function neural network;Taiwan;Ministry of Science and Technology;Taiwan;Ming Chi University of Technology;MDPI AG;Sensors (Switzerland);Chen, Y.-Y., Lin, Y.-H. ;4;2019
96;468;Machine learning–based automated image processing for quality management in industrial Internet of Things;product design;generic;image processing, MATLAB;fuzzy;fuzzy;South Korea;Ministry of Science ICT and Future Planning ;South Korea;Kyungpook National University;SAGE Publications Ltd;International Journal of Distributed Sensor Networks; Rahmatov, N., Paul, A., Saeed, F., (...), Seo, H., Kim, J. ;2;2019
97;469;Deep heterogeneous GRU model for predictive analytics in smart manufacturing: Application to tool wear prediction;process improvement;machinery;computer numerical control, image processing;neural network, deep learning, regression-based;long short-term memory, recurrent neural network, convolutional neural network, long short-term memory, support vector regression, bidirecional GRU;China;National Natural Science Foundation of China, Science Foundation of China University of Petroleum, National Basic Research Program of China;China;China University of Petroleum;Elsevier B.V.;Computers in Industry; Wang, J., Yan, J., Li, C., Gao, R.X., Zhao, R. ;27;2019
98;489;A self-aware and active-guiding training & assistant system for worker-centered intelligent manufacturing;process improvement;machinery;augmented reality, sensors, electrocardiogram;neural network, deep learning;recurrent neural network, convolutional neural network;United States;National Science Foundation, Missouri University of Science and Technology;United States;Missouri University of Science and Technology;Elsevier Ltd;Manufacturing Letters;Tao, W., Lai, Z.-H., Leu, M.C., Yin, Z., Qin, R. ;9;2019
99;494;"
	A just-in-time shapelet selection service for online time series classification";process improvement;machinery;industrial internet of things;tree-based, neural network, naive bayes, ;decision tree C4.5, neural network, naive bayes, random forest ;China;National Natural Science Foundation of China, National Basic Research Program of China, Key Technology Research and Development Program of Shandong, Natural Science Foundation of Shandong Province;China;Shandong University;Elsevier B.V.;Computer Networks;Ji, C., Zhao, C., Pan, L., (...), Yang, C., Meng, X. ;13;2019
100;512;Resource trading in blockchain-based industrial internet of things;business and finance;generic;industrial internet of things, blockchain, cloud computing;markov decision process;q learning;-;-;China;Beijing University of Posts and Telecommunications;IEEE Computer Society;IEEE Transactions on Industrial Informatics; Yao, H., Mai, T., Wang, J., (...), Jiang, C., Qian, Y. ;52;2019
101;513;Performance optimization for blockchain-enabled industrial internet of things (iiot) systems: A deep reinforcement learning approach;process improvement;generic;industrial internet of things, blockchain;deep learning;deep neural network;China;National Natural Science Foundation of China, China Scholarship Council, Natural Science Foundation of Beijing Municipality;China;Beijing University of Posts and Telecommunications;IEEE Computer Society;IEEE Transactions on Industrial Informatics; Liu, M., Yu, F.R., Teng, Y., Leung, V.C.M., Song, M. ;60;2019
102;515;An online machine learning framework for early detection of product failures in an Industry 4.0 context;process design;electrical equipment appliance and component;LinkSmart, industrial internet of things;neural network, tree-based;multi-layer perceptron, random forest, gradient boosting, artificial neural network;European Union;Horizon 2020 Framework Programme;Hungary;Hungarian Academy of Sciences;Taylor and Francis Ltd.;International Journal of Computer Integrated Manufacturing; Carvajal Soto, J.A., Tavakolizadeh, F., Gyulai, D. ;15;2019
103;531;Adaptive SVM-based real-time quality assessment for primer-sealer dispensing process of sunroof assembly line;process improvement;transportation equipment;thermal image analysis;support vector machine, bayesian network, regression-based, neural network, k-nearest neighbor, tree-based;adaptive support vector machine, bayes network, logistic regression, multi-layer perceptron, k-nearest neighbor, decision tree, random forest, decision table;South Korea;Ministry of Science ICT and Future Planning, National IT Industry Promotion Agency;South Korea;Ulsan National Institute of Science and Technology;Elsevier Ltd;Reliability Engineering and System Safety; Oh, Y., Ransikarbum, K., Busogi, M., Kwon, D., Kim, N. ;6;2019
104;534;Wireless sensor network routing method based on improved ant colony algorithm;process improvement;computer and electronic product ;sensors;meta-heuristic;ant colony;China;National Natural Science Foundation of China, Guangdong Planning Office of Philosophy and Social Science;China;Shanghai University;Springer Verlag;Journal of Ambient Intelligence and Humanized Computing; Zou, Z., Qian, Y. ;17;2019
105;535;An effective spectrum handoff based on reinforcement learning for target channel selection in the industrial internet of things;Communication;computer and electronic product ;MATLAB, industrial internet of things;markov decision process;q learning;South Africa;Council for Scientific and Industrial Research;South Africa;University of Pretoria;MDPI AG;Sensors (Switzerland); Oyewobi, S.S., Hancke, G.P., Abu-Mahfouz, A.M., Onumanyi, A.J. ;11;2019
107;548;A Bayesian framework to estimate part quality and associated uncertainties in multistage manufacturing;process improvement;fabricated metal product;MATLAB, computer numerical control;neural network;multi-layer perceptron, bayesian regularization;United Kingdom;Engineering and Physical Sciences Research Council;United Kingdom;The University of Sheffield;Elsevier B.V.;Computers in Industry; Papananias, M., McLeay, T.E., Mahfouf, M., Kadirkamanathan, V. ;6;2019
108;551;Machine learning for multi-criteria inventory classification applied to intermittent demand;process improvement;generic;industrial internet of things;support vector machine, deep learning;support vector machine, deep neural network;-;-;Italy;University of Modena and Reggio Emilia;Taylor and Francis Ltd.;Production Planning and Control; Lolli, F., Balugani, E., Ishizaka, A., (...), Rimini, B., Regattieri, A. ;23;2019
109;588;Training a Hidden Markov Model-Based Knowledge Model for Autonomous Manufacturing Resources Allocation in Smart Shop Floors;process improvement;fabricated metal product;industrial internet of things, computer numerical control;markov decision process;hidden markov model;China;National Natural Science Foundation of China, Joint Research Fund for Overseas Chinese Scholars and Scholars in Hong Kong and Macao, Fundamental Research Funds for the Central Universities, Huxiang Youth Talent Support Program;China; Chang'An University;Institute of Electrical and Electronics Engineers Inc.;IEEE Access; Ding, K., Zhang, X., Chan, F.T.S., Chan, C.-Y., Wang, C. ;4;2019
110;593;Tool wear monitoring of a retrofitted CNC milling machine using artificial neural networks;maintenance;fabricated metal product;industrial internet of things, computer numerical control;neural network;artificial neural network;-;-;Germany;RWTH Aachen University;Elsevier Ltd;Manufacturing Letters; Hesser, D.F., Markert, B. ;24;2019
111;602;An AWS machine learning-based indirect monitoring method for deburring in aerospace industries towards industry 4.0;business and finance;miscellaneous;industrial internet of things;neural network, regression-based;support vector regression, artificial neural network;Singapore;National Research Foundation Singapore;Singapore;Nanyang Technological University;MDPI AG;Applied Sciences (Switzerland); Caesarendra, W., Pappachan, B.K., Wijaya, T., (...), Then, D., Manyar, O.M. ;5;2018
113;623;A deep feature learning method for drill bits monitoring using the spectral analysis of the acoustic signals;maintenance;machinery;sensors;neural network, support vector machine, deep learning;autoencoder, support vector machine, convolutional neural network;South Korea;Ministry of Science ICT and Future Planning, Korea Technology and Information Promotion Agency for SMEs, Ministry of SMEs and Startups, National Research Foundation of Korea, Institute for Information and Communications Technology Promotion;South Korea;Pukyong National University;MDPI AG;Sensors (Switzerland); Vununu, C., Moon, K.-S., Lee, S.-H., Kwon, K.-R. ;5;2018
114;629;A Computer Vision-Inspired Deep Learning Architecture for Virtual Metrology Modeling with 2-Dimensional Data;process improvement;electrical equipment appliance and component;virtual metrology, semiconductors;neural network, deep learning;feed-forward neural network, convolutional neural network;European Union;Nvidia, Horizon 2020 Framework Programme;Italy;University of Padova;Institute of Electrical and Electronics Engineers Inc.;IEEE Transactions on Semiconductor Manufacturing; Maggipinto, M., Terzi, M., Masiero, C., Beghi, A., Susto, G.A. ;16;2018
115;632;A soft sensor for prediction of mechanical properties of extruded PLA sheet using an instrumented slit die and machine learning algorithms;process improvement;chemical;sensors;tree-based, regression-based ;random forest, regression tree;European Union;Seventh Framework Programme, Research Capacity Building Collaboration Wales, Research Executive Agency;Ireland;Institute of Technology Sligo; Elsevier Ltd;Polymer Testing; Mulrennan, K., Donovan, J., Creedon, L., (...), Lyons, J.G., McAfee, M. ;9;2018
118;643;Unexpected event prediction in wire electrical discharge machining using deep learning techniques;process improvement;machinery;industrial internet of things;neural network, deep learning, ;bidirecional GRU, convolutional neural network, recurrent neural network;-;-;Spain;Aeronautics Advanced Manufacturing Center;MDPI AG;Materials;Sanchez, J.A., Conde, A., Arriandiaga, A., Wang, J., ;11;2018
119;655;Countering targeted cyber-physical attacks using anomaly detection in self-adaptive Industry 4.0 Systems;cyber security;electrical equipment appliance and component;semiconductors, programmable logic controler, human machine interface, totally integrated automation portal, AECID - automatic event correlation for incident detection;-;-;European Union;Electronic Components and Systems for European Leadership;Austria;Austrian Institute of Technology;Springer-Verlag Wien;Elektrotechnik und Informationstechnik; Settanni, G., Skopik, F., Wurzenberger, M., Fiedler, R. ;3;2018
120;660;A hidden-Gamma model-based filtering and prediction approach for monotonic health factors in manufacturing;maintenance;electrical equipment appliance and component;semiconductors, sensors;monte carlo simulaion;monte carlo simulation, gamma distribution;European Union;Horizon 2020 Framework Programme;Italy;University of Padova;Elsevier Ltd;Control Engineering Practice; Susto, G.A., Schirru, A., Pampuri, S., Beghi, A., De Nicolao, G. ;16;2018
121;663;Experience in Use of Remote Access and Predictive Analytics for Power Equipment’s Condition;maintenance;electrical equipment appliance and component;Power and heat generation;-;-;-;-;Russia;AO ROTEC;Pleiades Publishing;Thermal Engineering; Naumov, S.A., Krymskii, A.V., Lipatov, M.A., Skrabatun, D.N. ;0;2018
122;670;Industrial Big Data Analytics for Prediction of Remaining Useful Life Based on Deep Learning;maintenance;machinery;industrial internet of things, programmable logic controler, computer numerical control;neural network, deep learning, ;convolutional neural network, recurrent neural network, denoising autoencoder;China;Natural Science Foundation of Guangdong Province;China;South China University of Technology;Institute of Electrical and Electronics Engineers Inc.;IEEE Access; Yan, H., Wan, J., Zhang, C., (...), Hua, Q., Wang, Z. ;38;2018
123;683;A Multi Agent System architecture to implement Collaborative Learning for social industrial assets;process design;generic;digital twin;k-means;k-means;European Union;Horizon 2020 Framework Programme, Engineering and Physical Sciences Research Council;United Kingdom;University of Cambridge;Elsevier B.V.;IFAC-PapersOnLine; Bakliwal, K., Dhada, M.H., Palau, A.S., Parlikad, A.K., Lad, B.K. ;8;2018
126;715;A Comparative Study on Machine Learning Algorithms for Smart Manufacturing: Tool Wear Prediction Using Random Forests;maintenance;machinery;sensors, milling;support vector machine, neural network, tree-based;feed-forward neural network, random forest, support vector machine;United States;National Science Foundation, Digital Manufacturing and Design Innovation Institute;United States;Pennsylvania State University;American Society of Mechanical Engineers (ASME);Journal of Manufacturing Science and Engineering, Transactions of the ASME; Wu, D., Jennings, C., Terpenny, J., Gao, R.X., Kumara, S. ;157;2017
127;719;Distributed maintenance planning in manufacturing industries;maintenance;machinery;sensors, industrial internet of things;meta-heuristic;brute force search, memetic algorithm, particle swarm optimization;-;-;India; Indian Institute of Technology Indore;Elsevier Ltd;Computers and Industrial Engineering; Upasani, K., Bakshi, M., Pandhare, V., Lad, B.K. ;29;2017
128;725;A fog computing-based framework for process monitoring and prognosis in cyber-manufacturing;process design;machinery;sensors, milling, computer numerial control, cloud computing, industrial internet of things;tree-based;random forest;United States;National Science Foundation;United States;Pennsylvania State University;Elsevier B.V.;Journal of Manufacturing Systems; Wu, D., Liu, S., Zhang, L., (...), Kurfess, T., Guzzo, J.A. ;127;2017
129;741;Using Sensitivity Analysis and Cross-Association for the Design of Intrusion Detection Systems in Industrial Cyber-Physical Systems;process design;chemical;MATLAB;cross-association;fully automtic cross-association;European Union;Seventh Framework Programme, Marie Curie;Romania;Petru Maior University of Tîrgu Mure?;"    Institute of Electrical and Electronics Engineers Inc.
";IEEE Access; Haller, P., Genge, B. ;16;2017
130;753;Large-Scale Online Multitask Learning and Decision Making for Flexible Manufacturing;process improvement;generic;spark platform MAPS, agent factory micro edition;markov decision process;markov decision process;-;-;China; Chinese Academy of Sciences; IEEE Computer Society;IEEE Transactions on Industrial Informatics; Wang, J., Sun, Y., Zhang, W., (...), Duan, S., Shi, Y. ;20;2016
131;761;A large-scale web QoS prediction scheme for the Industrial Internet of Things based on a kernel machine learning algorithm;process improvement;generic;industrial internet of things;neighborhood-based;pearson correlation coefficient;China;National Natural Science Foundation of China, Key Technologies Research and Development Program, Fundamental Research Funds for the Central Universities;China;University of Science and Technology Beijing;Elsevier B.V.;Computer Networks; Luo, X., Liu, J., Zhang, D., Chang, X. ;39;2016
132;766;RFID-enabled indoor positioning method for a real-time manufacturing execution system using OS-ELM;process design;generic;manufacturing execution system, radio frequency identification, sensors;kernel-based, neural network;gaussian kernel, back-propagation neural network;China;Universidade de Macau;China;University of Macau;Elsevier B.V.;Neurocomputing; Yang, Z., Zhang, P., Chen, L. ;55;2016
133;776;Industry 4.1 for Wheel Machining Automation;process design;machinery;cloud computing, virtual metrology;neural network;back-propagation neural network;-;-;Taiwan;National Cheng Kung University;Institute of Electrical and Electronics Engineers Inc.;IEEE Robotics and Automation Letters; Cheng, F.-T., Tieng, H., Yang, H.-C., (...), Wei, C.-F., Shieh, Z.-Y. ;23;2016
